EmployeeNumber,dept_name
1,Sales
2,Research & Development
4,Research & Development
5,Research & Development
7,Research & Development
8,Research & Development
10,Research & Development
11,Research & Development
12,Research & Development
13,Research & Development
14,Research & Development
15,Research & Development
16,Research & Development
18,Research & Development
19,Research & Development
20,Research & Development
21,Research & Development
22,Research & Development
23,Sales
24,Research & Development
26,Research & Development
27,Sales
28,Research & Development
30,Research & Development
31,Research & Development
32,Research & Development
33,Research & Development
35,Sales
36,Research & Development
38,Sales
39,Research & Development
40,Research & Development
41,Research & Development
42,Sales
45,Research & Development
46,Research & Development
47,Sales
49,Sales
51,Research & Development
52,Sales
53,Research & Development
54,Research & Development
55,Research & Development
56,Sales
57,Research & Development
58,Research & Development
60,Sales
61,Research & Development
62,Sales
63,Research & Development
64,Research & Development
65,Research & Development
68,Sales
70,Research & Development
72,Sales
73,Research & Development
74,Sales
75,Research & Development
76,Research & Development
77,Research & Development
78,Research & Development
79,Research & Development
80,Research & Development
81,Sales
83,Research & Development
84,Research & Development
85,Research & Development
86,Research & Development
88,Research & Development
90,Research & Development
91,Sales
94,Research & Development
95,Research & Development
96,Research & Development
97,Research & Development
98,Research & Development
100,Sales
101,Research & Development
102,Research & Development
103,Human Resources
104,Research & Development
105,Research & Development
106,Sales
107,Research & Development
110,Research & Development
112,Research & Development
113,Sales
116,Research & Development
117,Research & Development
118,Sales
119,Research & Development
120,Sales
121,Sales
124,Research & Development
125,Sales
126,Research & Development
128,Sales
129,Sales
131,Sales
132,Research & Development
133,Human Resources
134,Research & Development
137,Research & Development
138,Research & Development
139,Research & Development
140,Human Resources
141,Research & Development
142,Sales
143,Research & Development
144,Research & Development
145,Research & Development
147,Research & Development
148,Human Resources
150,Research & Development
151,Research & Development
152,Sales
153,Research & Development
154,Sales
155,Research & Development
158,Sales
159,Research & Development
160,Sales
161,Research & Development
162,Research & Development
163,Sales
164,Research & Development
165,Research & Development
167,Sales
169,Research & Development
170,Research & Development
171,Research & Development
174,Sales
175,Sales
176,Sales
177,Human Resources
178,Research & Development
179,Research & Development
182,Sales
183,Sales
184,Human Resources
190,Research & Development
192,Research & Development
193,Research & Development
194,Research & Development
195,Sales
197,Research & Development
198,Research & Development
199,Research & Development
200,Research & Development
201,Research & Development
202,Research & Development
204,Sales
205,Sales
206,Research & Development
207,Sales
208,Research & Development
211,Research & Development
214,Research & Development
215,Sales
216,Sales
217,Research & Development
218,Research & Development
221,Research & Development
223,Research & Development
224,Research & Development
226,Research & Development
227,Research & Development
228,Sales
230,Sales
231,Research & Development
233,Research & Development
235,Sales
238,Research & Development
239,Research & Development
240,Sales
241,Research & Development
242,Research & Development
243,Research & Development
244,Sales
245,Research & Development
246,Research & Development
247,Research & Development
248,Sales
249,Research & Development
250,Research & Development
252,Research & Development
253,Research & Development
254,Research & Development
256,Research & Development
258,Research & Development
259,Research & Development
260,Research & Development
261,Research & Development
262,Research & Development
264,Research & Development
267,Research & Development
269,Research & Development
270,Research & Development
271,Research & Development
273,Research & Development
274,Research & Development
275,Research & Development
277,Research & Development
281,Research & Development
282,Research & Development
283,Sales
284,Research & Development
286,Research & Development
287,Research & Development
288,Research & Development
291,Sales
292,Research & Development
293,Sales
296,Research & Development
297,Research & Development
298,Sales
299,Sales
300,Research & Development
302,Sales
303,Sales
304,Research & Development
305,Research & Development
306,Research & Development
307,Sales
308,Research & Development
309,Research & Development
311,Sales
312,Sales
314,Sales
315,Research & Development
316,Research & Development
319,Research & Development
321,Human Resources
323,Sales
325,Research & Development
327,Sales
328,Research & Development
329,Sales
330,Sales
331,Research & Development
332,Research & Development
333,Sales
334,Research & Development
335,Research & Development
336,Research & Development
337,Research & Development
338,Research & Development
339,Research & Development
340,Research & Development
341,Research & Development
342,Research & Development
343,Research & Development
346,Research & Development
347,Research & Development
349,Sales
350,Research & Development
351,Research & Development
352,Research & Development
353,Research & Development
355,Research & Development
359,Research & Development
361,Sales
362,Research & Development
363,Sales
364,Research & Development
366,Sales
367,Research & Development
369,Research & Development
372,Research & Development
373,Research & Development
374,Research & Development
376,Research & Development
377,Research & Development
378,Sales
379,Research & Development
380,Research & Development
381,Research & Development
382,Sales
384,Research & Development
385,Research & Development
386,Research & Development
387,Sales
388,Sales
389,Research & Development
390,Research & Development
391,Research & Development
392,Research & Development
393,Research & Development
394,Research & Development
395,Research & Development
396,Research & Development
397,Research & Development
399,Sales
401,Sales
403,Research & Development
404,Sales
405,Research & Development
406,Sales
407,Research & Development
408,Research & Development
410,Sales
411,Sales
412,Research & Development
416,Sales
417,Research & Development
419,Research & Development
420,Sales
421,Research & Development
422,Research & Development
423,Research & Development
424,Human Resources
425,Research & Development
426,Research & Development
428,Research & Development
429,Research & Development
430,Research & Development
431,Research & Development
433,Research & Development
434,Research & Development
436,Sales
437,Sales
438,Sales
439,Research & Development
440,Research & Development
441,Research & Development
442,Research & Development
444,Research & Development
445,Sales
446,Sales
447,Research & Development
448,Research & Development
449,Sales
450,Research & Development
451,Research & Development
452,Research & Development
453,Sales
454,Research & Development
455,Research & Development
456,Sales
458,Sales
460,Research & Development
461,Research & Development
462,Research & Development
463,Sales
464,Research & Development
465,Research & Development
466,Research & Development
467,Sales
468,Research & Development
469,Sales
470,Human Resources
471,Research & Development
473,Sales
474,Research & Development
475,Sales
476,Sales
477,Research & Development
478,Sales
479,Sales
481,Sales
482,Research & Development
483,Research & Development
484,Sales
485,Sales
486,Research & Development
487,Research & Development
488,Sales
491,Research & Development
492,Sales
493,Research & Development
494,Sales
495,Research & Development
496,Research & Development
497,Research & Development
498,Sales
499,Research & Development
500,Sales
501,Research & Development
502,Sales
505,Research & Development
507,Sales
508,Sales
510,Research & Development
511,Research & Development
513,Sales
514,Research & Development
515,Research & Development
516,Sales
517,Research & Development
518,Research & Development
520,Research & Development
521,Research & Development
522,Research & Development
523,Sales
524,Research & Development
525,Research & Development
526,Research & Development
527,Sales
529,Research & Development
530,Research & Development
531,Research & Development
532,Sales
533,Sales
534,Sales
536,Research & Development
538,Research & Development
543,Research & Development
544,Research & Development
546,Research & Development
547,Research & Development
548,Research & Development
549,Research & Development
550,Research & Development
551,Research & Development
554,Sales
555,Sales
556,Research & Development
558,Sales
560,Research & Development
562,Research & Development
564,Research & Development
565,Research & Development
566,Human Resources
567,Sales
568,Sales
569,Research & Development
571,Research & Development
573,Sales
574,Research & Development
575,Research & Development
577,Research & Development
578,Research & Development
579,Research & Development
580,Sales
581,Research & Development
582,Research & Development
584,Research & Development
585,Sales
586,Research & Development
587,Research & Development
590,Human Resources
591,Research & Development
592,Sales
593,Research & Development
595,Sales
597,Sales
599,Sales
600,Sales
601,Research & Development
602,Research & Development
604,Sales
605,Research & Development
606,Sales
608,Human Resources
611,Research & Development
612,Research & Development
613,Sales
614,Sales
615,Sales
616,Research & Development
618,Sales
620,Sales
621,Sales
622,Research & Development
623,Research & Development
624,Research & Development
625,Sales
626,Sales
630,Research & Development
631,Sales
632,Sales
634,Research & Development
635,Research & Development
638,Research & Development
639,Research & Development
641,Sales
643,Research & Development
644,Human Resources
645,Sales
647,Research & Development
648,Sales
649,Research & Development
650,Sales
652,Research & Development
653,Sales
655,Research & Development
656,Sales
657,Research & Development
659,Research & Development
661,Research & Development
662,Research & Development
663,Research & Development
664,Research & Development
665,Human Resources
666,Sales
667,Sales
669,Sales
671,Research & Development
675,Research & Development
677,Sales
679,Research & Development
680,Research & Development
682,Sales
683,Research & Development
684,Sales
686,Research & Development
689,Research & Development
690,Sales
691,Research & Development
692,Research & Development
698,Human Resources
699,Research & Development
700,Research & Development
701,Research & Development
702,Research & Development
704,Research & Development
705,Research & Development
707,Sales
709,Sales
710,Research & Development
712,Sales
714,Sales
715,Research & Development
716,Research & Development
717,Research & Development
720,Sales
721,Research & Development
722,Sales
723,Sales
724,Research & Development
725,Research & Development
727,Research & Development
728,Sales
729,Sales
730,Research & Development
731,Human Resources
732,Sales
733,Research & Development
734,Human Resources
738,Sales
741,Research & Development
742,Research & Development
743,Research & Development
744,Research & Development
746,Sales
747,Sales
749,Sales
752,Research & Development
754,Sales
757,Research & Development
758,Research & Development
760,Human Resources
762,Research & Development
763,Research & Development
764,Research & Development
766,Sales
769,Research & Development
771,Research & Development
772,Research & Development
773,Research & Development
775,Research & Development
776,Sales
780,Research & Development
781,Sales
783,Sales
784,Research & Development
785,Sales
786,Sales
787,Research & Development
789,Sales
791,Research & Development
792,Research & Development
793,Research & Development
796,Sales
797,Research & Development
799,Research & Development
800,Sales
802,Research & Development
803,Research & Development
804,Research & Development
805,Sales
806,Research & Development
807,Research & Development
808,Sales
809,Research & Development
811,Research & Development
812,Research & Development
813,Research & Development
815,Research & Development
816,Research & Development
817,Research & Development
819,Sales
820,Research & Development
823,Research & Development
824,Research & Development
825,Research & Development
826,Research & Development
827,Research & Development
828,Research & Development
829,Human Resources
830,Research & Development
832,Research & Development
833,Research & Development
834,Research & Development
836,Research & Development
837,Research & Development
838,Research & Development
840,Sales
842,Sales
843,Research & Development
844,Research & Development
845,Research & Development
846,Sales
847,Human Resources
848,Research & Development
850,Research & Development
851,Sales
852,Research & Development
854,Research & Development
855,Sales
856,Research & Development
857,Sales
859,Sales
861,Research & Development
862,Sales
864,Sales
865,Research & Development
867,Research & Development
868,Sales
869,Human Resources
872,Research & Development
874,Research & Development
875,Research & Development
878,Human Resources
879,Sales
880,Research & Development
881,Research & Development
882,Research & Development
885,Sales
887,Research & Development
888,Research & Development
889,Sales
893,Sales
894,Research & Development
895,Research & Development
896,Sales
897,Sales
899,Research & Development
900,Sales
901,Research & Development
902,Research & Development
903,Sales
904,Sales
905,Research & Development
909,Human Resources
910,Human Resources
911,Research & Development
912,Research & Development
913,Research & Development
916,Sales
918,Research & Development
920,Research & Development
922,Sales
923,Research & Development
924,Research & Development
925,Sales
926,Research & Development
927,Research & Development
930,Research & Development
932,Research & Development
933,Research & Development
934,Research & Development
936,Sales
939,Research & Development
940,Research & Development
941,Sales
942,Research & Development
944,Research & Development
945,Research & Development
947,Sales
949,Research & Development
950,Research & Development
951,Research & Development
952,Sales
954,Sales
956,Sales
957,Research & Development
958,Research & Development
959,Sales
960,Research & Development
961,Research & Development
964,Research & Development
966,Research & Development
967,Sales
969,Research & Development
970,Sales
972,Research & Development
974,Sales
975,Sales
976,Research & Development
977,Research & Development
981,Sales
982,Sales
983,Sales
984,Sales
985,Sales
986,Sales
987,Research & Development
990,Sales
991,Research & Development
992,Sales
994,Research & Development
995,Research & Development
996,Research & Development
997,Research & Development
998,Research & Development
999,Research & Development
1001,Research & Development
1002,Research & Development
1003,Sales
1004,Research & Development
1005,Research & Development
1006,Research & Development
1007,Research & Development
1009,Research & Development
1010,Research & Development
1011,Research & Development
1012,Research & Development
1013,Research & Development
1014,Research & Development
1015,Research & Development
1016,Research & Development
1017,Research & Development
1018,Research & Development
1019,Research & Development
1022,Research & Development
1024,Research & Development
1025,Research & Development
1026,Research & Development
1027,Research & Development
1028,Research & Development
1029,Sales
1030,Research & Development
1032,Research & Development
1033,Research & Development
1034,Research & Development
1035,Research & Development
1036,Sales
1037,Sales
1038,Sales
1039,Sales
1040,Sales
1042,Research & Development
1043,Research & Development
1044,Sales
1045,Sales
1046,Research & Development
1047,Sales
1048,Sales
1049,Human Resources
1050,Sales
1052,Research & Development
1053,Research & Development
1055,Sales
1056,Sales
1060,Research & Development
1061,Research & Development
1062,Research & Development
1066,Sales
1068,Research & Development
1069,Research & Development
1070,Sales
1071,Research & Development
1073,Research & Development
1074,Research & Development
1076,Sales
1077,Sales
1079,Research & Development
1080,Research & Development
1081,Research & Development
1082,Research & Development
1083,Research & Development
1084,Research & Development
1085,Research & Development
1088,Research & Development
1092,Research & Development
1094,Research & Development
1096,Research & Development
1097,Research & Development
1098,Human Resources
1099,Research & Development
1100,Sales
1101,Research & Development
1102,Research & Development
1103,Research & Development
1105,Sales
1106,Research & Development
1107,Research & Development
1108,Research & Development
1109,Research & Development
1111,Research & Development
1113,Sales
1114,Sales
1115,Research & Development
1116,Research & Development
1117,Sales
1118,Research & Development
1119,Sales
1120,Research & Development
1121,Research & Development
1124,Sales
1125,Sales
1126,Research & Development
1127,Research & Development
1128,Research & Development
1131,Research & Development
1132,Research & Development
1133,Research & Development
1135,Sales
1136,Research & Development
1137,Sales
1138,Sales
1140,Research & Development
1143,Research & Development
1148,Research & Development
1150,Research & Development
1152,Human Resources
1154,Research & Development
1156,Research & Development
1157,Sales
1158,Research & Development
1160,Research & Development
1161,Research & Development
1162,Research & Development
1163,Sales
1164,Human Resources
1165,Sales
1166,Research & Development
1167,Sales
1171,Sales
1172,Research & Development
1173,Research & Development
1175,Research & Development
1177,Research & Development
1179,Sales
1180,Research & Development
1182,Research & Development
1184,Research & Development
1185,Research & Development
1188,Sales
1190,Sales
1191,Research & Development
1192,Research & Development
1193,Research & Development
1195,Research & Development
1196,Research & Development
1198,Research & Development
1200,Research & Development
1201,Research & Development
1202,Research & Development
1203,Research & Development
1204,Sales
1206,Research & Development
1207,Human Resources
1210,Research & Development
1211,Sales
1212,Sales
1215,Research & Development
1216,Research & Development
1217,Research & Development
1218,Sales
1219,Research & Development
1220,Sales
1221,Research & Development
1224,Research & Development
1225,Research & Development
1226,Sales
1228,Research & Development
1231,Human Resources
1233,Sales
1234,Research & Development
1235,Research & Development
1237,Research & Development
1238,Research & Development
1239,Sales
1240,Sales
1241,Research & Development
1242,Research & Development
1243,Sales
1244,Research & Development
1245,Research & Development
1246,Research & Development
1248,Research & Development
1249,Research & Development
1250,Research & Development
1251,Research & Development
1252,Research & Development
1254,Sales
1255,Research & Development
1256,Research & Development
1257,Research & Development
1258,Research & Development
1259,Research & Development
1260,Research & Development
1263,Research & Development
1264,Research & Development
1265,Research & Development
1267,Sales
1268,Sales
1269,Research & Development
1270,Research & Development
1273,Sales
1275,Research & Development
1277,Sales
1278,Research & Development
1279,Research & Development
1280,Sales
1281,Sales
1282,Sales
1283,Research & Development
1285,Research & Development
1286,Research & Development
1288,Research & Development
1289,Human Resources
1291,Research & Development
1292,Research & Development
1293,Sales
1294,Research & Development
1295,Research & Development
1296,Research & Development
1297,Research & Development
1298,Research & Development
1299,Research & Development
1301,Research & Development
1303,Research & Development
1304,Sales
1306,Research & Development
1307,Research & Development
1308,Research & Development
1309,Research & Development
1310,Research & Development
1311,Research & Development
1312,Research & Development
1314,Human Resources
1315,Research & Development
1317,Research & Development
1318,Sales
1319,Sales
1321,Research & Development
1322,Research & Development
1324,Sales
1329,Sales
1331,Sales
1333,Research & Development
1334,Research & Development
1336,Research & Development
1338,Human Resources
1340,Research & Development
1344,Research & Development
1346,Research & Development
1349,Sales
1350,Research & Development
1352,Human Resources
1355,Sales
1356,Sales
1358,Research & Development
1360,Research & Development
1361,Research & Development
1362,Sales
1363,Research & Development
1364,Sales
1367,Research & Development
1368,Research & Development
1369,Research & Development
1371,Sales
1372,Sales
1373,Research & Development
1374,Research & Development
1375,Research & Development
1377,Research & Development
1379,Sales
1380,Sales
1382,Research & Development
1383,Research & Development
1387,Sales
1389,Research & Development
1390,Sales
1391,Sales
1392,Research & Development
1394,Research & Development
1395,Sales
1396,Sales
1397,Research & Development
1399,Sales
1401,Research & Development
1402,Research & Development
1403,Sales
1405,Research & Development
1407,Research & Development
1408,Human Resources
1409,Research & Development
1411,Research & Development
1412,Research & Development
1415,Research & Development
1417,Research & Development
1419,Human Resources
1420,Research & Development
1421,Research & Development
1422,Research & Development
1423,Research & Development
1424,Research & Development
1425,Sales
1427,Sales
1428,Sales
1430,Research & Development
1431,Research & Development
1433,Research & Development
1434,Research & Development
1435,Research & Development
1436,Sales
1438,Research & Development
1439,Sales
1440,Research & Development
1441,Research & Development
1443,Research & Development
1445,Sales
1446,Sales
1447,Research & Development
1448,Research & Development
1449,Research & Development
1453,Sales
1457,Sales
1458,Research & Development
1459,Research & Development
1460,Research & Development
1461,Human Resources
1464,Research & Development
1465,Research & Development
1466,Sales
1467,Human Resources
1468,Research & Development
1469,Sales
1471,Research & Development
1472,Research & Development
1473,Research & Development
1474,Research & Development
1475,Research & Development
1477,Sales
1478,Sales
1479,Sales
1480,Research & Development
1481,Sales
1482,Research & Development
1483,Research & Development
1484,Research & Development
1485,Research & Development
1486,Sales
1487,Sales
